category,item,price,
Beverages,Item_10_BEV,18.5,https://i5.walmartimages.com/asr/25e08739-5d33-413f-9e7b-65e6334bb5c1.207bd21617a58f84026ce6f41369606c.png?odnHeight=2000&odnWidth=2000&odnBg=FFFFFF
Beverages,Item_11_BEV,20,https://i5.walmartimages.com/asr/c8cb6ba9-b899-41b6-8803-dad9122d84c4.42648a7a627d6d0a564cbfb8ca31cb47.png?odnHeight=2000&odnWidth=2000&odnBg=FFFFFF
Beverages,Item_12_BEV,21.5,https://i5.walmartimages.com/asr/780bb381-7e90-4326-bfa3-963925eabf84.ac1ed493245d1c316773f3b168f95632.jpeg?odnHeight=2000&odnWidth=2000&odnBg=FFFFFF
Beverages,Item_13_BEV,23,https://i5.walmartimages.com/seo/Mountain-Dew-Zero-Sugar-Citrus-Soda-Pop-12-fl-oz-24-Pack-Cans_265c37ab-c1dd-451a-9cff-83ab72e2adeb.3c34c9d22c7b8ac8ce0ce94672a57d3f.jpeg?odnHeight=2000&odnWidth=2000&odnBg=FFFFFF
Beverages,Item_14_BEV,24.5,https://i5.walmartimages.com/seo/Sprite-Zero-Sugar-Chill-Fridge-Pack-Cans-12-fl-oz-12-Pack_e1a62a46-8a5c-4ab3-bb3a-a51d06aabd5d.5857c0de7d9b473f6ee4a8d104fed831.jpeg?odnHeight=2000&odnWidth=2000&odnBg=FFFFFF
Beverages,Item_15_BEV,26,https://i5.walmartimages.com/asr/dda674bd-8671-4c51-a7d1-e8fbb9d72cf1.321fa26782155bc7466c1a3537a072ee.jpeg?odnHeight=2000&odnWidth=2000&odnBg=FFFFFF
Beverages,Item_16_BEV,27.5,https://i5.walmartimages.com/asr/d04289e9-309a-48e5-9edb-217fb2b6b0c3.51cb59379c8563443e8233ade39f258c.jpeg?odnHeight=2000&odnWidth=2000&odnBg=FFFFFF
Beverages,Item_17_BEV,29,https://i5.walmartimages.com/seo/BUBBL-R-Antioxidant-Sparkling-Water-Passion-Fruit-Wond-r-12-fl-oz-6-Pack-Cans_5550be5c-d89b-4e64-9ad6-6bee3a13bef1.4d58f1e880452ab0d1f5be479da5b84f.jpeg?odnHeight=2000&odnWidth=2000&odnBg=FFFFFF
Beverages,Item_18_BEV,30.5,https://i5.walmartimages.com/asr/3cb0139d-4a5b-4517-b04e-88f485f9c082.853e9d345d601b89f53380b48d2e28d9.jpeg?odnHeight=2000&odnWidth=2000&odnBg=FFFFFF
Beverages,Item_19_BEV,32,https://i5.walmartimages.com/asr/e885aa4e-a2cb-4bc9-be61-b38065472c5d.ea59bd80b5bbc03d20c9ad2a09b932c2.jpeg?odnHeight=2000&odnWidth=2000&odnBg=FFFFFF
Beverages,Item_1_BEV,5,https://i5.walmartimages.com/asr/c2aa2a70-a9d7-422f-8468-de217c9ba563.8b1672b3e33cc029078d31c86409e0a3.jpeg?odnHeight=2000&odnWidth=2000&odnBg=FFFFFF
Beverages,Item_20_BEV,33.5,https://i5.walmartimages.com/asr/a0aa0bbb-c7da-4254-bba7-ef1b97e1c628.44ed932508ad4af632a64bac1dbad827.jpeg?odnHeight=2000&odnWidth=2000&odnBg=FFFFFF
Beverages,Item_21_BEV,35,https://i5.walmartimages.com/asr/da07c806-9e2d-4171-b339-e445ad4d3cf3.147abbd8dc1f5ba0a5e6438baccc4be7.jpeg?odnHeight=2000&odnWidth=2000&odnBg=FFFFFF
Beverages,Item_22_BEV,36.5,https://i5.walmartimages.com/asr/a0f5cca3-eaf6-4074-96cf-c47ff2cf7ab3.00a7908f7b0c7685bc6acda1475d6cb1.jpeg?odnHeight=2000&odnWidth=2000&odnBg=FFFFFF
Beverages,Item_23_BEV,38,https://i5.walmartimages.com/seo/Minute-Maid-Blue-Raspberry-Juice-Drink-Bottles-12-fl-oz-6-Pack_6542b316-fed8-4fd4-814b-b2e4cc96e4bb.cbe8543cedb19ff5f289b22cbb15e156.jpeg?odnHeight=2000&odnWidth=2000&odnBg=FFFFFF
Beverages,Item_24_BEV,39.5,https://i5.walmartimages.com/asr/0d116c4c-4534-4269-8e59-b1fba8152881.733e38ecf434a593a048eca82db00629.jpeg?odnHeight=2000&odnWidth=2000&odnBg=FFFFFF
Beverages,Item_25_BEV,41,https://i5.walmartimages.com/asr/d61c2c5c-75a5-4a7d-abeb-9d71e5149aa1.ec633328adee3d18b6f0f64e865e76f8.jpeg?odnHeight=2000&odnWidth=2000&odnBg=FFFFFF
Beverages,Item_2_BEV,6.5,https://i5.walmartimages.com/asr/98ec70ed-344e-4cfc-b247-95850f1520ec.7817d7a88b8a56aac9308a3ad567a2bc.jpeg?odnHeight=2000&odnWidth=2000&odnBg=FFFFFF
Beverages,Item_3_BEV,8,https://i5.walmartimages.com/seo/Waiakea-Bottled-Water-Hawaiian-Volcanic-Alkaline-Water-500ml-16-9-oz-Bottles-6-Pack_3e0b0e7b-7ded-4a0e-927d-192c97d13132.d6dc6975fbac463db3c5a7fd0d54a513.png?odnHeight=2000&odnWidth=2000&odnBg=FFFFFF
Beverages,Item_4_BEV,9.5,https://i5.walmartimages.com/seo/Propel-Energy-Boost-Electrolyte-Water-Beverage-Passionfruit-Guava-16-9-fl-oz-12-Count_0abe16ac-8a0f-483c-8fe9-6bc277488de2.7708bcf32dc774f6df84f61df5b1f44e.jpeg?odnHeight=2000&odnWidth=2000&odnBg=FFFFFF
Beverages,Item_5_BEV,11,https://i5.walmartimages.com/asr/79f713fb-0cfa-49c9-bfd5-fd51125adfa2.2f0ddf3a5710f55d0acb934143b68f57.jpeg?odnHeight=2000&odnWidth=2000&odnBg=FFFFFF
Beverages,Item_6_BEV,12.5,https://i5.walmartimages.com/asr/87144223-581f-4c65-b999-e465fd81174b.d84321597ce03756b0b1ac1463a20dc1.jpeg?odnHeight=2000&odnWidth=2000&odnBg=FFFFFF
Beverages,Item_7_BEV,14,https://i5.walmartimages.com/asr/c1793460-02da-45f3-a5ce-2cb00ab0d816.06b18503c15b7dcf833945dc51436fb7.jpeg?odnHeight=2000&odnWidth=2000&odnBg=FFFFFF
Beverages,Item_8_BEV,15.5,https://i5.walmartimages.com/asr/228e95b5-b60b-4f00-8d96-ae4c33afb167.b102e5215af747436302b6bdc5f70a6e.jpeg?odnHeight=2000&odnWidth=2000&odnBg=FFFFFF
Beverages,Item_9_BEV,17,https://i5.walmartimages.com/seo/Gatorade-Zero-Sugar-Thirst-Quencher-Variety-12-Fl-Oz-X-18-Count_b40f6813-129d-44f2-b572-f119239a93e7.1c39f9b2e0c70f57707de1ec06d8f04b.jpeg?odnHeight=2000&odnWidth=2000&odnBg=FFFFFF
Butchers,Item_10_BUT,18.5,https://i5.walmartimages.com/asr/75512952-310e-4c5e-b988-798ec494e9c8.3aa2af7ae817821fce135b699975cdc2.jpeg?odnHeight=2000&odnWidth=2000&odnBg=FFFFFF
Butchers,Item_11_BUT,20,https://i5.walmartimages.com/seo/Pork-Center-Cut-Loin-Chops-Boneless-0-9-2-01-lb-Tray_c0c596b6-634c-4564-afc2-394449e7e11a.86a108adc14025db61a9a96ca0c9655b.jpeg?odnHeight=2000&odnWidth=2000&odnBg=FFFFFF
Butchers,Item_12_BUT,21.5,https://i5.walmartimages.com/seo/Tyson-All-Natural-Fresh-Chicken-Drumsticks-Family-Pack-4-25-6-7-lb-Tray_94562f2f-c7a4-480c-83d2-6b91c831f72e.030b5eb168fc5bc71e9baddcc7524bc7.jpeg?odnHeight=2000&odnWidth=2000&odnBg=FFFFFF
Butchers,Item_13_BUT,23,https://i5.walmartimages.com/seo/Pork-Center-Cut-Loin-Chops-Thin-Boneless-1-0-2-2-lb-Tray_8e619b13-4f7d-44c6-bf1b-42bd830ad03e.20e2a9494b32d21c3075d5c695d6b630.jpeg?odnHeight=2000&odnWidth=2000&odnBg=FFFFFF
Butchers,Item_14_BUT,24.5,https://i5.walmartimages.com/seo/Beef-Bottom-Round-Steak-Thin-0-34-2-0-lb-Tray_b82ed771-657f-4b44-889b-74dabd7e332c.0f4139e3d54764613eea4b052c54ecf8.jpeg?odnHeight=2000&odnWidth=2000&odnBg=FFFFFF
Butchers,Item_15_BUT,26,https://i5.walmartimages.com/seo/80-Lean-20-Fat-Ground-Beef-Chuck-1-lb-Tray-Fresh-All-Natural_eda2d926-ef1a-43d4-b5f3-ec02083aaf89.f688a6a033622f6b7c2eb9aeadfdcc3e.png?odnHeight=2000&odnWidth=2000&odnBg=FFFFFF
Butchers,Item_16_BUT,27.5,https://i5.walmartimages.com/seo/Great-Value-All-Natural-Chicken-Wing-Sections-4-lb-Frozen_de083ed6-4fd4-4f43-8763-63f9762988b0.3f2accdafd9bd2041e956bde6641a8b5.jpeg?odnHeight=2000&odnWidth=2000&odnBg=FFFFFF
Butchers,Item_17_BUT,29,https://i5.walmartimages.com/seo/Lean-Beef-Stew-Meat-Tray-Fresh-1-0-1-5-lb_e5792c01-d27a-42a4-aeac-e6088677edcb.1040eafb0df4a23fb93ef8dd64889caf.jpeg?odnHeight=2000&odnWidth=2000&odnBg=FFFFFF
Butchers,Item_18_BUT,30.5,https://i5.walmartimages.com/asr/dcc73939-cd1b-49df-8981-1d53373f4367.cf13df5fea4466a0d933535aa92fcfc0.jpeg?odnHeight=2000&odnWidth=2000&odnBg=FFFFFF
Butchers,Item_19_BUT,32,https://i5.walmartimages.com/seo/Beef-Choice-Angus-Sirloin-Tender-Steak-0-6-1-62-lb-Tray_035ae12e-3e41-4fd5-9ee3-d13ab054e07f.005db02400a3f05a1afb676d859dff29.jpeg?odnHeight=2000&odnWidth=2000&odnBg=FFFFFF
Butchers,Item_1_BUT,5,https://i5.walmartimages.com/seo/Beef-Stew-Meat-Tray-Family-Pack-Fresh-2-15-3-0-lb_ced6b790-0933-46cb-9cfa-71600b5e4e24.dc8e73ae719b9f406538a256970148ff.jpeg?odnHeight=2000&odnWidth=2000&odnBg=FFFFFF
Butchers,Item_20_BUT,33.5,https://i5.walmartimages.com/asr/d9a344c4-aafe-4a3f-91e2-53f148a68c6d.e21c3b410ce3c9fb2da9771830575991.jpeg?odnHeight=2000&odnWidth=2000&odnBg=FFFFFF
Butchers,Item_21_BUT,35,https://i5.walmartimages.com/seo/Freshness-Guaranteed-Chicken-Breast-Tenderloins-2-25-3-2-lb-Tray_71631179-1a59-455d-8c15-becbc2dc9ee7.4e8693b1f8abc387ebe752031f49bf72.jpeg?odnHeight=2000&odnWidth=2000&odnBg=FFFFFF
Butchers,Item_22_BUT,36.5,https://i5.walmartimages.com/seo/80-Lean-20-Fat-Ground-Beef-Patties-12-Count-2-25-lb-Tray-Fresh-All-Natural_13f2bfdf-1391-4474-afdb-e975ca942714.b9eff829f8c1470526d159e95756d48a.jpeg?odnHeight=2000&odnWidth=2000&odnBg=FFFFFF
Butchers,Item_23_BUT,38,https://i5.walmartimages.com/seo/Freshness-Guaranteed-Thin-Sliced-Boneless-Skinless-Chicken-Breasts-1-7-3-0-lb-Tray_ab5f3d5d-e243-4ce3-ae3b-eb1895dcb964.b36502e5b5f81d30eab4175c4ce931e3.jpeg?odnHeight=2000&odnWidth=2000&odnBg=FFFFFF
Butchers,Item_24_BUT,39.5,https://i5.walmartimages.com/asr/92309f99-6540-4673-9e62-b0c7592294fd.afeae9306d9300da62df522e3738b663.jpeg?odnHeight=2000&odnWidth=2000&odnBg=FFFFFF
Butchers,Item_25_BUT,41,https://i5.walmartimages.com/asr/61c6bc20-4810-4954-8d42-1e66025000dc.7660bb2b382bd6bf5176df1af9d5b495.jpeg?odnHeight=2000&odnWidth=2000&odnBg=FFFFFF
Butchers,Item_2_BUT,6.5,https://i5.walmartimages.com/seo/Pork-Center-Cut-Loin-Chops-Boneless-Family-Pack-2-0-3-8-lb-Tray_8734d9b2-74b6-4ee2-b774-9f06e81ac688.987952d41e870ecebd00e9b213c4c0a3.jpeg?odnHeight=2000&odnWidth=2000&odnBg=FFFFFF
Butchers,Item_3_BUT,8,https://i5.walmartimages.com/seo/Tyson-All-Natural-Fresh-Chicken-Thighs-Family-Pack-4-75-6-0-lb-Tray_cda7d8dd-49ea-49da-99c7-f610dbe5221f.d8984eb9eebcc70e398f8d92f39cbc6e.jpeg?odnHeight=2000&odnWidth=2000&odnBg=FFFFFF
Butchers,Item_4_BUT,9.5,https://i5.walmartimages.com/seo/Pork-Center-Cut-Loin-Chops-Bone-in-Family-Pack-3-0-3-5-lb-Tray_3b75564b-ce3c-4ac9-87a5-72a990b9388d.b42c8f0b318de3195eb911c25bb0c6ea.jpeg?odnHeight=2000&odnWidth=2000&odnBg=FFFFFF
Butchers,Item_5_BUT,11,https://i5.walmartimages.com/seo/Pork-Center-Cut-Loin-Chops-Bone-in-1-6-2-6-lb-Tray_995779f9-3645-4cd8-a08e-46507ee1cbd8.1c41f5aa1d0206ea95bb19bb7fec40fa.jpeg?odnHeight=2000&odnWidth=2000&odnBg=FFFFFF
Butchers,Item_6_BUT,12.5,https://i5.walmartimages.com/seo/Pork-Loin-Country-Style-Ribs-Bone-In-2-3-3-8-lb-Tray_9f0adcba-b931-4c73-aa29-6e1a42d825e4.f067c809e024bbcd9bd53deb52fe3bed.jpeg?odnHeight=2000&odnWidth=2000&odnBg=FFFFFF
Butchers,Item_7_BUT,14,https://i5.walmartimages.com/seo/Prairie-Fresh-Natural-Fresh-Pork-Back-Ribs-Bone-in-2-4-3-8-lb-19g-of-Protein-per-4-oz-Serving_1e866635-dea6-4ecd-a435-a0cff7059b3c.e227bbba876004d7789e6e4248a643db.jpeg?odnHeight=2000&odnWidth=2000&odnBg=FFFFFF
Butchers,Item_8_BUT,15.5,https://i5.walmartimages.com/asr/8f985f69-f702-454b-84c7-d5236b182b7c.acb71c4dbe2cfee69d1b3a8d4b8fc068.jpeg?odnHeight=2000&odnWidth=2000&odnBg=FFFFFF
Butchers,Item_9_BUT,17,https://i5.walmartimages.com/seo/Johnsonville-All-Natural-Mild-Italian-Ground-Pork-Sausage-1-lb-Tray_25cbb206-fdec-41c9-a09a-517e8ebd490f.a1c8ddf9c37cc46e22828bd839eb8085.jpeg?odnHeight=2000&odnWidth=2000&odnBg=FFFFFF
Computers and electric accessories,Item_10_CEA,18.5,https://i5.walmartimages.com/seo/Belkin-Silver-45W-USB-PD-Wall-Charger-With-PPS_d3879a2c-bcf0-42f1-b424-87456b87984e.da1aeeeeb96d06bc132c91097f9d839f.png?odnHeight=2000&odnWidth=2000&odnBg=FFFFFF
Computers and electric accessories,Item_11_CEA,20,https://i5.walmartimages.com/seo/Lefree-Power-Strip-Surge-Protector-Extension-Cord-with-Multi-Outlets-USB-Ports-Black_e53cc11b-9ac3-4991-bf5b-a1f989763617.05d6671e01a82be23818fa31f3b914bb.jpeg?odnHeight=2000&odnWidth=2000&odnBg=FFFFFF
Computers and electric accessories,Item_12_CEA,21.5,https://i5.walmartimages.com/seo/Power-Strip-with-3-AC-Outlets-4-USB-Ports-1-USB-C-No-Surge-Protection-5-Ft-Extension-Cord-Suitable-for-Office-Home-and-Cruise-White_0758d1d3-41fc-4f48-a4f7-8892e4eee2d4.edd21c7cd7ab9db2ce245b5bca5c0b81.jpeg?odnHeight=2000&odnWidth=2000&odnBg=FFFFFF
Computers and electric accessories,Item_13_CEA,23,https://i5.walmartimages.com/seo/onn-USB-Computer-Keyboard-with-104-Keys-5-ft-Cable-Windows-and-Mac-Compatible-Gray_a02bcc1c-9590-4f1a-8df1-7892a95ca798.a36221c35fc08228941f3e8b02f9c3d1.jpeg?odnHeight=2000&odnWidth=2000&odnBg=FFFFFF
Computers and electric accessories,Item_14_CEA,24.5,https://i5.walmartimages.com/seo/Surge-Protector-Power-Strip-with-5-AC-Outlets-and-3-USB-Ports-1-USB-C-1680J-Surge-Protection-Compact-Design-for-Home-and-Office-Use_4788f96b-64a7-4ad0-b740-365ea4f541b1.4229e5e486fcb34aa31c84c852fc21a8.jpeg?odnHeight=2000&odnWidth=2000&odnBg=FFFFFF
Computers and electric accessories,Item_15_CEA,26,https://i5.walmartimages.com/seo/Coreykin-USB-C-Super-Fast-Wall-Charger-2-Pack-25W-USB-C-Fast-Charger-6Ft-Type-C-Type-C-Cable-Samsung-Galaxy-S23-S22-S22-Ultra-S22-S21-Ultra-S21-S21-S_cbebfa7e-cb43-491d-8b28-612ea4fe04ae.c1534e31dbb46f27b3abaa3faed08bd5.jpeg?odnHeight=2000&odnWidth=2000&odnBg=FFFFFF
Computers and electric accessories,Item_16_CEA,27.5,https://i5.walmartimages.com/asr/4a271bfc-beca-4561-b978-40295b675eb6.fc065ca8c360d517a744635985e48207.jpeg?odnHeight=2000&odnWidth=2000&odnBg=FFFFFF
Computers and electric accessories,Item_17_CEA,29,https://i5.walmartimages.com/seo/65W-45W-Laptop-Charger-Asus-Vivobook-14-15-17-S14-S15-E203-E210-E402-E403-E410-E510-M712-Zenbook-UX301-UX303-UX305-UX350-Q200-F510-X200C-Power-Cord-4_f2d7af15-0074-4fc4-bf69-b43281cb779c.2c1af3a0eb5a665e1058173e680e1e3b.jpeg?odnHeight=2000&odnWidth=2000&odnBg=FFFFFF
Computers and electric accessories,Item_18_CEA,30.5,https://i5.walmartimages.com/seo/Hyper-Tough-Indoor-4-Outlet-10ft-Surge-Protector-900-Joule-Protection-with-2-USB-Ports-White-125V-15A_ed0b8987-fdd7-4f16-93f3-760f2a6cad86.d8d4cf60d946e8ce142fe5fb53ef929e.jpeg?odnHeight=2000&odnWidth=2000&odnBg=FFFFFF
Computers and electric accessories,Item_19_CEA,32,https://i5.walmartimages.com/seo/Mac-Book-Pro-Charger-118W-USB-C-Charger-Fast-Charger-Compatible-MacBook-pro-Air-M1-M2-M3-M4-M5-ipad-Pro-Samsung-Galaxy-More-Include-Charge-Cable_1824f670-7d39-44bc-b1f3-bb048c597f73.6ddbf156b10b1f8235930062c243d418.jpeg?odnHeight=2000&odnWidth=2000&odnBg=FFFFFF
Computers and electric accessories,Item_1_CEA,5,https://i5.walmartimages.com/seo/onn-20W-Power-Delivery-Wall-Charging-Kit-with-USB-C-Charging-Cable-White_a7ab720c-9053-4be5-8282-2b78128ba938.a542bd0d4c5e4095e9bbfdda213a8159.jpeg?odnHeight=2000&odnWidth=2000&odnBg=FFFFFF
Computers and electric accessories,Item_20_CEA,33.5,https://i5.walmartimages.com/seo/GE-4ft-4K-HDMI-2-0-Cable-with-Built-in-Ethernet-Gold-plated-connectors-48719_c8fc97bd-c45b-4072-99d1-ce1f9b2a88d9.267e3e953551b7cc5c50cd3bf09f5204.jpeg?odnHeight=2000&odnWidth=2000&odnBg=FFFFFF
Computers and electric accessories,Item_21_CEA,35,https://i5.walmartimages.com/seo/ONN-GAMING-MEMBRN-KB_a946d868-4f75-477b-a8f6-dd1b78cabc2c.65dca37964562d8fbe8074b2c69c7c4c.jpeg?odnHeight=2000&odnWidth=2000&odnBg=FFFFFF
Computers and electric accessories,Item_22_CEA,36.5,https://i5.walmartimages.com/seo/240W-Sideways-Phone-Charger-with-Built-in-Phone-Stand-90-Degree-USB-C-Cord-for-Fast-Charging-and-Hands-Free-Viewing_a7789098-a7d0-4126-913e-65192c19a9df.81ece6e939450dde9fcecd6471583adf.jpeg?odnHeight=2000&odnWidth=2000&odnBg=FFFFFF
Computers and electric accessories,Item_23_CEA,38,https://i5.walmartimages.com/seo/N15Q8-N15Q9-N16P1-N20C5-65W-AC-Adapter-Laptop-Charger-Acer-Aspire-1-3-5-A115-31-A514-52-A515-54-A515-55-A515-44-Chromebook-R11-C720-C740-CB3-Spin-1-3_fd781955-2457-485e-b24b-e2e6259fee17.f6cbbe7c94facb43982216f9bdaed76a.jpeg?odnHeight=2000&odnWidth=2000&odnBg=FFFFFF
Computers and electric accessories,Item_24_CEA,39.5,https://i5.walmartimages.com/asr/c072d28e-8cf2-4f16-a0ef-46f660776dcf.98cf3ea6b9ccaa77d0589762140239a7.jpeg?odnHeight=2000&odnWidth=2000&odnBg=FFFFFF
Computers and electric accessories,Item_25_CEA,41,https://i5.walmartimages.com/seo/onn-20W-Power-Delivery-Wall-Charging-Kit-with-Lightning-to-USB-C-Cable-White_038916bb-018f-4b57-bdad-5e64f94e0f7a.04a902bfdd40356e7c3deaf6dd401be3.jpeg?odnHeight=2000&odnWidth=2000&odnBg=FFFFFF
Computers and electric accessories,Item_2_CEA,6.5,https://i5.walmartimages.com/seo/2-Pack-45W-Samsung-USB-C-Super-Fast-Charger-6FT-Type-C-Charger-Cable-Cord-Fast-Charging-Android-Phone-Wall-Charger-Block-Samsung-Galaxy-S23-Ultra-S23_9a31ada7-6376-4539-9bb5-62e99d3f24ec.023032ba3e817e0bab3c9736cc10768a.jpeg?odnHeight=573&odnWidth=573&odnBg=FFFFFF
Computers and electric accessories,Item_3_CEA,8,https://i5.walmartimages.com/seo/Original-HP-19-5V-3-34A-65W-HP-AC-Adapter-HP-Laptop-Charger-HP-Power-Cord-HP-14-15-HP-ENVY-14-15-17-TouchSmart-Pavilion-11-14-15-17-TouchSmart-Series_efa97c7c-f1b9-401c-b4ef-24512d394f4d_1.2d0e7b0a83554e40c765a5b95de8b5b8.jpeg?odnHeight=2000&odnWidth=2000&odnBg=FFFFFF
Computers and electric accessories,Item_4_CEA,9.5,https://i5.walmartimages.com/seo/onn-90W-Laptop-Charger-with-10-Interchangeable-Tips-10ft-Power-Cord-for-HP-Dell-Lenovo-Grey_454bb5ef-e726-4658-8b96-3c3bb771c20e.e5b4cd70e942fb1ed99c537df1d42eee.jpeg?odnHeight=2000&odnWidth=2000&odnBg=FFFFFF
Computers and electric accessories,Item_5_CEA,11,https://i5.walmartimages.com/asr/832a5524-1bec-4c1a-949e-ef3633282e2f.74254674fa5395e2d30baada44d0d928.jpeg?odnHeight=2000&odnWidth=2000&odnBg=FFFFFF
Computers and electric accessories,Item_6_CEA,12.5,https://i5.walmartimages.com/seo/ONDOG-3-Sided-Outlet-Extender-6-Outlets-with-2-USB-Ports-Multi-Plug-Outlet-Splitter-for-Home-Office_5bc8ea27-c015-457a-b0f5-2b0734afb62a.74e4084fd1a40e79096cd879bfcedd8e.jpeg?odnHeight=2000&odnWidth=2000&odnBg=FFFFFF
Computers and electric accessories,Item_7_CEA,14,https://i5.walmartimages.com/asr/149c9baf-3721-47ee-bed4-7472a96ceb54.fdeaca5222a607c03ab4c6589036caeb.png?odnHeight=2000&odnWidth=2000&odnBg=FFFFFF
Computers and electric accessories,Item_8_CEA,15.5,https://i5.walmartimages.com/seo/NIGHTEEN-150000RPM-Compressed-Electric-Air-Duster-Mini-Rechargeable-Cordless-Air-Blower_1e3054b7-9814-479f-afb8-fa345ac1b777.27f4cf31d8f28340efe05b375248c65d.png?odnHeight=573&odnWidth=573&odnBg=FFFFFF
Computers and electric accessories,Item_9_CEA,17,https://i5.walmartimages.com/seo/WOLFBOX-150000RPM-Compressed-Air-Duster-Rechargeable-Electric-Air-Blower-3-Speed-Adjustable-Cordless-Powerful-Mini-Duster-Computer-Keyboard-Car-Home_0e19baa0-3a95-4583-9e55-66aaf2a8931e.fec78b184a7b549d97ddc6edfd57ded6.png?odnHeight=2000&odnWidth=2000&odnBg=FFFFFF
Electric household essentials,Item_10_EHE,18.5,"https://m.media-amazon.com/images/I/81qm1W2cUdL._AC_UF894,1000_QL80_.jpg"
Electric household essentials,Item_11_EHE,20,"https://m.media-amazon.com/images/I/61nwqhajWCL._AC_UF1000,1000_QL80_.jpg"
Electric household essentials,Item_12_EHE,21.5,"https://m.media-amazon.com/images/I/9103N74QllL._AC_UF894,1000_QL80_.jpg"
Electric household essentials,Item_13_EHE,23,https://lasvegasbabyequipmentrentals.com/wp-content/uploads/2019/10/Vicks-Cool-Mist-Humidifier.jpeg
Electric household essentials,Item_14_EHE,24.5,https://www.newentor.com/cdn/shop/files/1_a9609363-1f95-497d-bf25-fd81b7cba261.jpg?v=1727606602
Electric household essentials,Item_15_EHE,26,https://target.scene7.com/is/image/Target/GUEST_57e2d054-fd81-4dac-84d7-3a1fffaa0582
Electric household essentials,Item_16_EHE,27.5,https://mobileimages.lowes.com/productimages/af3a1822-c8c3-4ffa-96dd-6bc1906968ec/62672432.jpg
Electric household essentials,Item_17_EHE,29,https://m.media-amazon.com/images/I/61gWi75fX1L.jpg
Electric household essentials,Item_18_EHE,30.5,https://i5.walmartimages.com/seo/Farberware-6-Quart-Aluminum-Stovetop-Pressure-Cooker-15-PSI_12fc98aa-026f-4012-b35b-0e9e83cf7550.2a6facf80fcae1e2c83b7bf123c3b27c.jpeg
Electric household essentials,Item_19_EHE,32,https://bfasset.costco-static.com/U447IH35/as/gfsxc4mg9479j8hzw8hf98r/4000270002-847__5?auto=webp&format=jpg&width=727&height=727&fit=bounds&canvas=727%2C727
Electric household essentials,Item_1_EHE,5,https://encrypted-tbn0.gstatic.com/images?q=tbn:ANd9GcQHyNW1zP_RHCw0tHYhLFMpdSIHc04elyUsaA&s
Electric household essentials,Item_20_EHE,33.5,"https://m.media-amazon.com/images/I/61+ZkUrnb8L._AC_UF894,1000_QL80_.jpg"
Electric household essentials,Item_21_EHE,35,https://i5.walmartimages.com/seo/KitchenAid-2-Speed-Hand-Blender-Empire-Red-KHB1231_1af21fa1-952f-4da3-bb9b-9d4a6d5ff41d.518e667522160676355dba9ea14b1113.jpeg?odnHeight=768&odnWidth=768&odnBg=FFFFFF
Electric household essentials,Item_22_EHE,36.5,https://cdn.shopify.com/s/files/1/0015/3426/3341/articles/GEEPAS_GSB5457N_Hero_c959bd34-6287-443c-86a0-bfa825328e1a.jpg?v=1736952095
Electric household essentials,Item_23_EHE,38,https://www.greenlife-cookware.com/cdn/shop/products/GL_Electrics_SandwichMaker_Pink_Lifestyle__3_02.jpg?v=1633554265
Electric household essentials,Item_24_EHE,39.5,https://us.home-appliances.philips/cdn/shop/files/NA351_00_3000x3000_5_1946x.jpg?v=1765227756
Electric household essentials,Item_25_EHE,41,https://i5.walmartimages.com/asr/faacae95-4a1a-4932-abbb-b689afb723b2.8a33df112f6af3392e782958ae25d6fd.jpeg
Electric household essentials,Item_2_EHE,6.5,https://encrypted-tbn0.gstatic.com/images?q=tbn:ANd9GcQkqy4jDCjdbt-xM_P93ONRxJqCFbTdhSL1Fw&s
Electric household essentials,Item_3_EHE,8,https://www.krupsusa.com/medias/?context=bWFzdGVyfGltYWdlc3wyNTY2NTF8aW1hZ2UvanBlZ3xhVzFoWjJWekwyZzFaUzlvTURndk1qWTROelUwTnpNeE16TTFPVGd8ZDMwZmJjMGIxMTFkYmRmNTcxMzA1MWVjODA5OGZkZGQ1ZTIyMWViOGRmZWVhZTE5MmRhNmQ4MmY4MjRlZjc5Ng
Electric household essentials,Item_4_EHE,9.5,https://www.westinghousehomeware.com/wp-content/uploads/2019/10/WFVCZJX8211_Vacuum-Cleaner_main.jpg
Electric household essentials,Item_5_EHE,11,https://m.media-amazon.com/images/I/71f-s8DHmQL.jpg
Electric household essentials,Item_6_EHE,12.5,"https://cdn.apartmenttherapy.info/image/upload/f_jpg,q_auto:eco,c_fill,g_auto,w_1500,ar_1:1/k%2Farchive%2F045d3a54a979654b9c894c8c993195edf79cb3ae"
Electric household essentials,Item_7_EHE,14,https://www.webstaurantstore.com/images/products/large/753077/2641785.jpg
Electric household essentials,Item_8_EHE,15.5,https://www.sencor.com/getmedia/ecec97f0-5205-47fa-a092-24af584d31ee/SSI2800BL_slozeno.jpg.aspx?width=2100&height=2100&ext=.jpg
Electric household essentials,Item_9_EHE,17,https://cdn.media.amplience.net/i/shadesoflight/FA20038.0.FA20038BB.jpg
Food,Item_10_FOOD,18.5,https://i5.walmartimages.com/seo/HERDEZ-Carnitas-Slow-Cooked-Pork-Microwaveable-Entr-e-8-Servings-15-oz-Plastic-Tray_0eed3af9-ed3b-4e94-b2e6-8a251b35394a.6c264945a6a2e8efa567d29d3d396097.jpeg?odnHeight=2000&odnWidth=2000&odnBg=FFFFFF
Food,Item_11_FOOD,20,https://i5.walmartimages.com/seo/Kraft-Original-Mac-N-Cheese-Macaroni-and-Cheese-Dinner-5-ct-Pack-7-25-oz-Boxes_72b943a6-c6ff-4683-99f6-c3d2256ef951.23f255ce68d802ff0f2e4f212d21f9e4.jpeg?odnHeight=2000&odnWidth=2000&odnBg=FFFFFF
Food,Item_12_FOOD,21.5,https://i5.walmartimages.com/seo/HORMEL-COMPLEATS-Beef-Pot-Roast-Shelf-Stable-9-oz-Plastic-Tray_692d77bb-126d-4f85-a4fe-5e7849b88c87.1dad9bd042aa5a481bec0ecf73605313.jpeg?odnHeight=2000&odnWidth=2000&odnBg=FFFFFF
Food,Item_13_FOOD,23,https://i5.walmartimages.com/seo/Velveeta-Shells-and-Cheese-Original-Macaroni-and-Cheese-Dinner-3-ct-Pack-12-oz-Boxes_2982e062-1865-4dbb-9831-8d9ee85ca479.cfd2c411fa3abacfad11f30b475bdc7d.jpeg?odnHeight=2000&odnWidth=2000&odnBg=FFFFFF
Food,Item_14_FOOD,24.5,https://i5.walmartimages.com/seo/Lunchables-Nachos-Cheese-Dip-Salsa-Kids-Lunch-Snack-4-4-oz-Tray_6f116b1b-e386-4705-9a29-34d9d7bbc9c8.581ef4390928e107e6cd26399386ed11.jpeg?odnHeight=2000&odnWidth=2000&odnBg=FFFFFF
Food,Item_15_FOOD,26,https://i5.walmartimages.com/seo/SpaghettiOs-Canned-Pasta-with-Meatballs-15-6-oz-Can_c744f863-7016-4867-9ff3-dbcab5b4e446.f81f924ac98212a9ea75c3af36993bf8.jpeg?odnHeight=2000&odnWidth=2000&odnBg=FFFFFF
Food,Item_16_FOOD,27.5,https://i5.walmartimages.com/seo/HORMEL-GATHERINGS-Hard-Salami-and-Pepperoni-with-Cheese-and-Crackers-Plastic-Deli-Party-Tray-28-oz_598deaf1-5fbb-4070-81a5-18491b38f9ed.bffb71f9a913c8c5a31762f85cd5e335.jpeg?odnHeight=2000&odnWidth=2000&odnBg=FFFFFF
Food,Item_17_FOOD,29,https://i5.walmartimages.com/seo/Hamburger-Helper-Double-Cheeseburger-Macaroni-Value-Size-9-6-Ounces-Box_5f5543ff-9e37-4058-923f-a3d780fdecdd.ea4efb9d4a2531e9e19d7a6ab366cd42.jpeg?odnHeight=2000&odnWidth=2000&odnBg=FFFFFF
Food,Item_18_FOOD,30.5,https://i5.walmartimages.com/seo/Banquet-Chicken-Pot-Pie-Frozen-Pot-Pie-Dinner-7-oz-frozen_56940319-d589-4022-a0c9-6bc04c5e549a.9b9258d46ea3bd442aab778999d13c95.jpeg?odnHeight=2000&odnWidth=2000&odnBg=FFFFFF
Food,Item_19_FOOD,32,https://i5.walmartimages.com/seo/Soules-Kitchen-Rotisserie-Chicken-8-oz-Refrigerated-18g-Protein-per-3oz-Serving_7a62eace-0fb5-494a-8204-f0f89706aba5.64a6439f8321d4a82cd0b676b968ff6a.jpeg?odnHeight=2000&odnWidth=2000&odnBg=FFFFFF
Food,Item_1_FOOD,5,https://i5.walmartimages.com/seo/Tyson-Breaded-Spicy-White-Meat-Chicken-Patties-23-oz-Frozen_1e82fd0e-d22b-4ec8-a7ac-b3f84ee95445.1f60b0788bec5b038ddc89e7dd6bd5a1.jpeg?odnHeight=2000&odnWidth=2000&odnBg=FFFFFF
Food,Item_20_FOOD,33.5,https://i5.walmartimages.com/seo/Banquet-Family-Size-Salisbury-Steaks-and-Brown-Gravy-Frozen-Meal-27-oz-Frozen_aecb4ee8-4812-4d5a-9e41-045c6e8654ab.1832325060224e153567420dd20d5783.jpeg?odnHeight=2000&odnWidth=2000&odnBg=FFFFFF
Food,Item_21_FOOD,35,https://i5.walmartimages.com/seo/El-Monterey-Beef-Bean-Burritos-32-oz-8-Count-Frozen_b946fe75-c531-492d-badd-0d9bf03a7564.5be488a4517cdd7183bfbdd45daaafec.png?odnHeight=2000&odnWidth=2000&odnBg=FFFFFF
Food,Item_22_FOOD,36.5,https://i5.walmartimages.com/seo/Great-Value-Fully-Cooked-Chicken-Nuggets-32-oz-Frozen_58d7566c-77e5-4f87-83c3-23d6c72b89ac.dedf5c12c2c16637141a732f30aff4b7.jpeg?odnHeight=2000&odnWidth=2000&odnBg=FFFFFF
Food,Item_23_FOOD,38,https://i5.walmartimages.com/seo/Ore-Ida-Extra-Crispy-Fast-Food-Fries-French-Fried-Frozen-Potatoes-26-oz-Bag_0aaca281-9b1a-4032-8d81-7e2d82d5a707.e3028e84d973cc7a18d5a0f3690adb1e.jpeg?odnHeight=2000&odnWidth=2000&odnBg=FFFFFF
Food,Item_24_FOOD,39.5,https://i5.walmartimages.com/seo/Tyson-Frozen-Crispy-Chicken-Breast-Strips-1-56-lb-Bag-Frozen_aa1d9321-a905-4558-9c20-563a181c1262.183173393bcb3b138f88cb51bf4e0d53.png?odnHeight=2000&odnWidth=2000&odnBg=FFFFFF
Food,Item_25_FOOD,41,https://i5.walmartimages.com/seo/Tyson-Any-tizers-White-Meat-Chicken-Fries-26-5-oz-Frozen_33d6b9bd-8a4d-42a3-ac82-65e7b3973f65.b2e9fc5c549b9aedb3f96f2121181e89.png?odnHeight=2000&odnWidth=2000&odnBg=FFFFFF
Food,Item_2_FOOD,6.5,https://i5.walmartimages.com/asr/50a3933b-1058-4220-8a29-99e363dd7866.26c9ad65b4feeedd2228926373145033.jpeg?odnHeight=2000&odnWidth=2000&odnBg=FFFFFF
Food,Item_3_FOOD,8,https://i5.walmartimages.com/seo/Healthy-Choice-Caf-Steamers-Chicken-Alfredo-Frozen-Meal-9-25-oz-frozen_f3b23340-0ad2-4819-93c0-d13fa8c796e2.e7bf38ac443660475d623e4c0162c90c.jpeg?odnHeight=2000&odnWidth=2000&odnBg=FFFFFF
Food,Item_4_FOOD,9.5,https://i5.walmartimages.com/seo/Stouffer-s-Meat-and-Sauce-Lasagna-Family-Size-Ready-Dinner-Boxed-Food-Meal-34-oz-Frozen_dd5390bf-8452-4e0c-9341-99d0498b61d2.2c13824bcebf8047163ce12f11dceeb4.jpeg?odnHeight=2000&odnWidth=2000&odnBg=FFFFFF
Food,Item_5_FOOD,11,https://i5.walmartimages.com/seo/On-Cor-BBQ-Sauce-Boneless-Rib-Shaped-Patties-Regular-26-Ounce-Package-Meal-Frozen_178b3552-8121-4743-b725-5db7bd8e94cb.bc224278a1c9debf9e7e8005575ca014.jpeg?odnHeight=2000&odnWidth=2000&odnBg=FFFFFF
Food,Item_6_FOOD,12.5,https://i5.walmartimages.com/seo/Zatarain-s-No-Artificial-Flavors-Blackened-Chicken-Alfredo-Frozen-Dinner-10-5-oz-Box_6a2f2693-a441-4da5-b5b9-8596b49e22ed.0a2f08d57e26258b1588565887943086.jpeg?odnHeight=2000&odnWidth=2000&odnBg=FFFFFF
Food,Item_7_FOOD,14,https://i5.walmartimages.com/seo/Banquet-MEGA-Spicy-Crispy-Chicken-Filets-24-oz-6-Count-Frozen_c3035113-5358-4ce1-a7b1-b033338b6e96.dee905cdee23f1e650d1ea83edf370fa.jpeg?odnHeight=2000&odnWidth=2000&odnBg=FFFFFF
Food,Item_8_FOOD,15.5,https://i5.walmartimages.com/seo/Banquet-Sausage-and-Gravy-Deep-Dish-Pot-Pie-Frozen-Meal-7-oz-Frozen_523fcf14-d0ed-47cb-bb0b-85efc62ebd81.ab1f876d11c566bb15798eccdd69b4f5.jpeg?odnHeight=2000&odnWidth=2000&odnBg=FFFFFF
Food,Item_9_FOOD,17,https://i5.walmartimages.com/seo/Great-Value-Steak-Fajitas-with-Fire-Roasted-Vegetables-18-oz-Frozen_f57e9ecd-cfb4-4b23-9b36-82e70ee68141.b34b292b7eed43159cf267568993a1de.jpeg?odnHeight=2000&odnWidth=2000&odnBg=FFFFFF
Furniture,Item_10_FUR,18.5,https://i5.walmartimages.com/asr/3ee5e252-ed7f-411f-8e5f-0d10d77717d9.4965e90afd84243c33a9671cda3411cc.jpeg?odnHeight=2000&odnWidth=2000&odnBg=FFFFFF
Furniture,Item_11_FUR,20,https://i5.walmartimages.com/seo/ALISENED-2-Tiers-Open-Shelf-Bookcase-Stylish-and-Functional-Bookshelf-Storage-Organizer-Shelving-for-Home-Office-Living-Room-and-Bed-Room-Black_e5cce0e1-9e0b-41b3-84bf-90757de7cf56.856b79d6d778ce8fd2f3d2f6e513d54a.jpeg?odnHeight=2000&odnWidth=2000&odnBg=FFFFFF
Furniture,Item_12_FUR,21.5,https://i5.walmartimages.com/seo/Casacomoda-6-Tier-Tree-Bookshelf-Bookcase-LED-Lights-Display-Floor-Standing-Storage-Shelf-Book-Organizer-Shelves-Home-Office-Living-Room-Vintage_1857505d-68df-4dd2-8c38-db6e85d48735.9843e11d316ff2753f4db87b13778a04.jpeg?odnHeight=2000&odnWidth=2000&odnBg=FFFFFF
Furniture,Item_13_FUR,23,https://i5.walmartimages.com/seo/Mainstays-3-Shelf-Bookcase-with-Adjustable-Shelves-White_dfa82193-2dae-4540-8cbe-d58ff45a51b4.48a68fafd44fa96bf22bea6843551ffb.jpeg?odnHeight=573&odnWidth=573&odnBg=FFFFFF
Furniture,Item_14_FUR,24.5,https://i5.walmartimages.com/seo/Nextay-7-Drawer-Dresser-for-Bedroom-Lightweight-Scratch-Resistant-Sturdy-Stylish-Easy-Assembly-for-Living-Room-Dressing-Room-Entryway-Black_55d47f24-d7cc-4524-ac4c-09ee41ba7cfb.2ae3ff47192367f0a3c3aaa1f68eef20.jpeg?odnHeight=2000&odnWidth=2000&odnBg=FFFFFF
Furniture,Item_15_FUR,26,https://i5.walmartimages.com/asr/4e208a83-d5d9-49d7-abd2-403661112ac9.b2d0c163763a73cca818015d7d3472d8.jpeg?odnHeight=2000&odnWidth=2000&odnBg=FFFFFF
Furniture,Item_16_FUR,27.5,https://i5.walmartimages.com/asr/216ce979-ccc7-49f0-a124-b5bf7c0b1639.aba35d718a22cdaf862673b40fdd6603.jpeg?odnHeight=2000&odnWidth=2000&odnBg=FFFFFF
Furniture,Item_17_FUR,29,https://i5.walmartimages.com/seo/CONCETTA-2-Fabric-Dresser-20-Inch-Adjustable-Nightstand-Feet-Bedside-Table-with-Drawers-for-Bedroom-Entryway-Closet-Rust_d0bfea56-87a7-41bb-a8bb-5786c85ee5a2.e7f055765e9420bc6bd5d78fe1ddd711.jpeg?odnHeight=2000&odnWidth=2000&odnBg=FFFFFF
Furniture,Item_18_FUR,30.5,https://i5.walmartimages.com/seo/Mainstays-11-6-Cube-Storage-Organizer-White_800ad0e3-eea4-4a9b-9584-90f558c628f6.bff0fea22c31a6b1741388dbdbc5391c.jpeg?odnHeight=2000&odnWidth=2000&odnBg=FFFFFF
Furniture,Item_19_FUR,32,https://i5.walmartimages.com/asr/9128fc70-6f30-4402-833e-3d5386ace4ca.995b11992aa5f401ba021aaf0de0e1bd.png?odnHeight=573&odnWidth=573&odnBg=FFFFFF
Furniture,Item_1_FUR,5,https://i5.walmartimages.com/asr/d05f4cc2-2118-4429-8fef-2e0365c554c4.0f06cf30498bc21cd76d5beef84c016c.jpeg?odnHeight=2000&odnWidth=2000&odnBg=FFFFFF
Furniture,Item_20_FUR,33.5,https://i5.walmartimages.com/seo/Yoobure-4-Tier-Corner-Bookshelf-with-Metal-Frame-Ladder-Display-Shelf-for-Bedroom-and-Living-Room-Tall-Wood-Corner-Bookcase-and-Plant-Stand_2fe286c9-c4b8-4b66-ab16-343bbb027f3d.2aa3c1e91d77ef586f3197b79359b6b1.jpeg?odnHeight=573&odnWidth=573&odnBg=FFFFFF
Furniture,Item_21_FUR,35,https://i5.walmartimages.com/seo/CONCETTA-3-Shelf-Bookcase-32-Inch-Tall-Floor-Standing-Open-Bookshelf-for-Home-Office-and-Living-Room-White_9ce32d97-2030-4a76-8778-0fc59b2fd63c.f7b548e8d428ad32e5ac04da21bb86c8.jpeg?odnHeight=2000&odnWidth=2000&odnBg=FFFFFF
Furniture,Item_22_FUR,36.5,https://i5.walmartimages.com/seo/Casacomoda-Modern-Tree-LED-Floor-Lamp-with-Storage-Shelf-Function-Corner-Standing-Light-Fixture-for-Home-Office-Living-Room-Black_5cdc766d-26b4-483b-a3b2-f4b21a842624.6b28cf81b54245bdc084276b33d8e3b1.jpeg?odnHeight=2000&odnWidth=2000&odnBg=FFFFFF
Furniture,Item_23_FUR,38,https://i5.walmartimages.com/seo/Mainstays-3-Shelf-Framed-Bookcase-with-Adjustable-Shelves-Espresso_53f8959a-b86c-4488-99ee-fb1277a3b6b9.2519f7a73d652e187c676efcd8ff3bd6.jpeg?odnHeight=573&odnWidth=573&odnBg=FFFFFF
Furniture,Item_24_FUR,39.5,https://i5.walmartimages.com/seo/ZENY-5-Tiers-Bookshelf-Bookcase-Multipurpose-Collection-Display-Storage_e90e23cf-e9df-4b5f-a850-7e5b134a8aa4.129b16e90a41bbc4ab35cdd3034b7f0c.jpeg?odnHeight=2000&odnWidth=2000&odnBg=FFFFFF
Furniture,Item_25_FUR,41,https://i5.walmartimages.com/seo/GIANNA-5-Tier-Bookcase-with-Adjustable-Shelves-Floor-Standing-Storage-Unit-for-Home-Office-Organization-Rustic-Brown_91c0d6b4-c748-4a3a-bf50-c24cd4d5edc0.bbd8634c36db31d80ac80ff7809470a2.jpeg?odnHeight=2000&odnWidth=2000&odnBg=FFFFFF
Furniture,Item_2_FUR,6.5,https://i5.walmartimages.com/seo/9-Drawer-Dresser-Wide-Chest-Drawers-Nightstand-Storage-Tower-Storage-Dresser-Fabric-Dresser-Wood-Top-Living-Room-Bedroom-Hallway-Nursery-Rust_cc1a377c-fee4-4816-a277-c9b9af0e3358.42140f4f7ec2cfd1ccb9948fea7621c8.jpeg?odnHeight=2000&odnWidth=2000&odnBg=FFFFFF
Furniture,Item_3_FUR,8,https://i5.walmartimages.com/seo/Better-Homes-Gardens-2-Cube-Storage-Organizer-Tobacco-Oak_35920f3c-c8ee-4cbe-a929-4e1c3874f5fe.56500670b23048469fef3c29a92b6afb.jpeg?odnHeight=2000&odnWidth=2000&odnBg=FFFFFF
Furniture,Item_4_FUR,9.5,https://i5.walmartimages.com/seo/EDX-Comfy-Chair-for-Adults-Soft-Faux-Fur-Folding-Lounge-for-Bedroom-Living-Room-Dorm-Rooms-Flexible-Reading-Chair_81674d0e-b007-44d5-ab02-24eba3479ac0.871dccd40ef56e5274efa8f5a2ffba1f.jpeg?odnHeight=2000&odnWidth=2000&odnBg=FFFFFF
Furniture,Item_5_FUR,11,https://i5.walmartimages.com/seo/CONCETTA-5-Tier-Bookshelf-with-Drawer-Tall-Narrow-Bookcase-with-Shelves-Wood-and-Metal-Storage-Organizer-for-Bedroom-Living-Room-Rustic-Brown_55531272-1b55-46d9-aea0-8f4288b25883.ed05e2a240e141c75b02b31e14a72d09.jpeg?odnHeight=2000&odnWidth=2000&odnBg=FFFFFF
Furniture,Item_6_FUR,12.5,https://i5.walmartimages.com/seo/Your-Zone-Kids-Wooden-3-Tier-Bookcase-White-Age-3-6_ef402a4e-645e-4b79-9a91-54c69de089c5.635956e1135d3f277ae2f568380423cc.jpeg?odnHeight=2000&odnWidth=2000&odnBg=FFFFFF
Furniture,Item_7_FUR,14,https://i5.walmartimages.com/seo/Mainstays-3-Shelf-Bookcase-with-Adjustable-Shelves-True-Black-Oak_8cc1bf67-dc68-4dd0-8b45-cb50440fad69.8e8f7f995941bd0152c9f936f57ed64f.jpeg?odnHeight=573&odnWidth=573&odnBg=FFFFFF
Furniture,Item_8_FUR,15.5,https://i5.walmartimages.com/seo/2-Tier-Portable-Toy-Storage-Kids-Toy-Organizer-W-2-Removable-Bins-with-4-Wheels-White_1ae4a1be-df16-46df-9e7e-23d52dbc5e4e.4d61cf1d89d273ae3e83d4a3ee821151.jpeg?odnHeight=2000&odnWidth=2000&odnBg=FFFFFF
Furniture,Item_9_FUR,17,https://i5.walmartimages.com/seo/Resenkos-3-Tier-Children-s-Multi-Functional-Bookcase-Toy-Storage-Bin-Floor-Cabinet-White-Kids-Toy-Storage-for-Kids-Boys-Girls-Nursery_0287278b-cbb2-431b-8e58-9a90a6b4a406.92cf38672f73ffa2b03f25bcfa58b129.png?odnHeight=2000&odnWidth=2000&odnBg=FFFFFF
Milk Products,Item_10_MILK,18.5,https://i5.walmartimages.com/asr/25960551-ee28-48c4-a7e1-cd1f861dd4ae.7b1ed250d6d860f34a3096de3e89f7df.jpeg?odnHeight=2000&odnWidth=2000&odnBg=FFFFFF
Milk Products,Item_11_MILK,20,https://i5.walmartimages.com/asr/94407780-f572-46cd-8319-8f6cce1a00aa.5b32cb5661c6c30c72d409397ddf50ad.png?odnHeight=2000&odnWidth=2000&odnBg=FFFFFF
Milk Products,Item_12_MILK,21.5,https://i5.walmartimages.com/seo/Organic-Valley-Organic-Whole-Milk-Grassfed-Half-Gallon-Carton-64-oz_b271839c-53b3-4303-8340-707a4d6a23d3.474bb4a26e49e453273e11b8b9a97959.jpeg?odnHeight=2000&odnWidth=2000&odnBg=FFFFFF
Milk Products,Item_13_MILK,23,https://i5.walmartimages.com/seo/Horizon-Organic-DHA-Omega-3-Whole-Milk-DHA-Whole-64-fl-oz-Carton_3db77333-89c7-4f59-b650-75debfe87911.7e3c6c3172717c3685709cc61202f51e.jpeg?odnHeight=2000&odnWidth=2000&odnBg=FFFFFF
Milk Products,Item_14_MILK,24.5,https://i5.walmartimages.com/seo/Pecana-Vanilla-Pecan-Milk-32-fl-oz_50d34191-f39d-4f58-aece-78032cbd9afe.7a26dab7560f6db3824c8786ad569839.jpeg?odnHeight=2000&odnWidth=2000&odnBg=FFFFFF
Milk Products,Item_15_MILK,26,https://i5.walmartimages.com/seo/bettergoods-Plant-Based-Unsweetened-Original-Almondmilk-Half-Gallon_54f6775d-9175-4891-8ab4-d742c47358ac.7ed4f6c1508e157203da3e1f48ecd22e.jpeg?odnHeight=2000&odnWidth=2000&odnBg=FFFFFF
Milk Products,Item_16_MILK,27.5,https://i5.walmartimages.com/seo/Planet-Oat-Original-Oatmilk-Dairy-Free-52-oz-Refrigerated-Cardboard-Carton_c1153ac6-6027-47a5-9a6c-230ff9a89c1b.b7fa2223936a2c622adb7d3d4d6d6eb6.jpeg?odnHeight=2000&odnWidth=2000&odnBg=FFFFFF
Milk Products,Item_17_MILK,29,https://i5.walmartimages.com/seo/bettergoods-Plant-Based-Original-Oatmilk-59-fl-oz_030aa80c-3065-4470-9bdc-f5f7a5752a77.823bd1781eeae1983c1823b05425636e.jpeg?odnHeight=2000&odnWidth=2000&odnBg=FFFFFF
Milk Products,Item_18_MILK,30.5,https://i5.walmartimages.com/seo/SILK-RFG-HIGH-PRO-SOY-MILK-CHOC-48OZ_62ea3b74-73d0-4e27-97e0-d532f30647fe.0a6bd21a505b20a07f96fa08aae154b7.jpeg?odnHeight=2000&odnWidth=2000&odnBg=FFFFFF
Milk Products,Item_19_MILK,32,https://i5.walmartimages.com/seo/Carnation-Instant-Nonfat-Dry-Milk-9-63-oz-Canister_94f8f6f5-7bdc-4c1d-97fa-9aa61a0871a9.78c938e858f5c6e6e455758df05a7f39.jpeg?odnHeight=2000&odnWidth=2000&odnBg=FFFFFF
Milk Products,Item_1_MILK,5,https://i5.walmartimages.com/asr/823ddd67-ad46-486a-bcd5-ccadae92d1b7_2.861e1b9982d4f38306c4e2389c2ba7e9.jpeg?odnHeight=2000&odnWidth=2000&odnBg=FFFFFF
Milk Products,Item_20_MILK,33.5,https://i5.walmartimages.com/asr/26ba721b-296e-473b-8ce7-b0ac806b0291.234de430851241ed56a7d07a07e20e28.png?odnHeight=2000&odnWidth=2000&odnBg=FFFFFF
Milk Products,Item_21_MILK,35,https://i5.walmartimages.com/seo/Horizon-Organic-Shelf-Stable-1-Low-Fat-Milk-Boxes-Chocolate-8-fl-oz-12-Pack_34805c87-3f48-47a5-8656-02959559d6b8.67018078e2c150f309fa5184125c6a4f.jpeg?odnHeight=2000&odnWidth=2000&odnBg=FFFFFF
Milk Products,Item_22_MILK,36.5,https://i5.walmartimages.com/seo/LALA-Low-Fat-Shelf-Stable-UHT-Milk-Drink-Strawberry-8-25-oz-Carton-Container-6-Ct_4a5c1496-c62b-4a55-b028-9a19af786294.2ca4416076d9e4beb566cc6c304b218b.png?odnHeight=2000&odnWidth=2000&odnBg=FFFFFF
Milk Products,Item_23_MILK,38,https://i5.walmartimages.com/asr/c154c841-0ae2-4ebb-806d-18f6fecd8875.b3c8089d04bdc532347d6f81e84620cb.jpeg?odnHeight=2000&odnWidth=2000&odnBg=FFFFFF
Milk Products,Item_24_MILK,39.5,https://i5.walmartimages.com/asr/010ccc97-b656-4fab-bd26-17ba28ac99dc.87b440b489ddd3ed404b9cc8cbf6f3b2.png?odnHeight=2000&odnWidth=2000&odnBg=FFFFFF
Milk Products,Item_25_MILK,41,https://i5.walmartimages.com/seo/Chobani-Low-Fat-Greek-Yogurt-Drink-Strawberry-Banana-7-fl-oz_b8e86eae-1202-41fa-b11c-4c7a0b72f494.c187f4460befe9a4b62b3c13705cbe67.png?odnHeight=2000&odnWidth=2000&odnBg=FFFFFF
Milk Products,Item_2_MILK,6.5,https://i5.walmartimages.com/seo/El-Viajero-Bio-Salud-Strawberry-Cultured-Dairy-Beverage-2-1-fl-oz-6-Count_60a2cf4d-6d49-4efa-9225-afa472b9ee6e.e82c4cb0c25ec633f88930f609187c37.jpeg?odnHeight=2000&odnWidth=2000&odnBg=FFFFFF
Milk Products,Item_3_MILK,8,https://i5.walmartimages.com/seo/Great-Value-1-Low-fat-Chocolate-Milk-Half-Gallon-Plastic-Jug-64-Fl-Oz_60a8e4d7-ea91-4de6-a815-6f302a80be10.0334a38e315e83d004c0d937063d22d1.jpeg?odnHeight=2000&odnWidth=2000&odnBg=FFFFFF
Milk Products,Item_4_MILK,9.5,https://i5.walmartimages.com/asr/789a76e2-c483-4f24-ac37-dbdb57e8532f.946a9b91aba5e612b84d85ebd6f9ba77.jpeg?odnHeight=2000&odnWidth=2000&odnBg=FFFFFF
Milk Products,Item_5_MILK,11,https://i5.walmartimages.com/asr/44a201a7-235f-4e12-b30d-b25393ab7b86.77fe82f29574dea51f7aac02a5eedc4c.jpeg?odnHeight=2000&odnWidth=2000&odnBg=FFFFFF
Milk Products,Item_6_MILK,12.5,https://i5.walmartimages.com/asr/c7690305-edc0-44da-945f-fb285d912fbf.7a69271775b5b1a0c801123970eb48ec.jpeg?odnHeight=2000&odnWidth=2000&odnBg=FFFFFF
Milk Products,Item_7_MILK,14,https://i5.walmartimages.com/seo/Horizon-Organic-Shelf-Stable-1-Low-Fat-Milk-Boxes-8-fl-oz-12-Pack_9b74ecea-0c61-47aa-91d0-e9d091862e4e.51cd1c2855621cc5ab582b1249635383.jpeg?odnHeight=2000&odnWidth=2000&odnBg=FFFFFF
Milk Products,Item_8_MILK,15.5,https://i5.walmartimages.com/seo/Horizon-Organic-Instant-Dry-Whole-Milk-30-6-oz-Canister_0318934b-6c3d-4d6b-9c43-4a72f36f393f.7a04a51e1c8710e17b3c6c6a2f480911.jpeg?odnHeight=2000&odnWidth=2000&odnBg=FFFFFF
Milk Products,Item_9_MILK,17,https://i5.walmartimages.com/seo/Stonyfield-Organic-Kids-Whole-Milk-Yogurt-Pouches-Strawberry-Beet-Berry-3-5-oz-4-Count_b9d24299-3674-4542-88d5-f9101c364beb.850e85f4637cf37af20daeaf6905a9cd.jpeg?odnHeight=2000&odnWidth=2000&odnBg=FFFFFF
Patisserie,Item_10_PAT,18.5,https://encrypted-tbn0.gstatic.com/images?q=tbn:ANd9GcSpoRmjoY5O7gKKL2HM1eft_mUlFp6szEWDdQ&s
Patisserie,Item_11_PAT,20,https://darvellapatisserie.com/cdn/shop/files/Giorgina_Venzin_Ultra-realistic_studio_product_photo_of_a_sin_74c6c88f-04af-418a-a085-9a3d2a55360e_2.png?v=1769425183
Patisserie,Item_12_PAT,21.5,"https://usfchefstore.imgix.net/90198455/386a4cdf9a8ccc1c42e43edeeb6fc850.jpg?w=600&h=600&fit=max&auto=compress,format&cs=srgb"
Patisserie,Item_13_PAT,23,https://cdn.shopify.com/s/files/1/0812/1725/7789/files/1_6e7fc051-858b-4d53-a5b6-b5b2f78488c7.png?v=1772591507&width=2500
Patisserie,Item_14_PAT,24.5,https://chouchoupastries.com/cdn/shop/products/Tarts-CremeBruleeOPT_1080x.jpg?v=1678220442
Patisserie,Item_15_PAT,26,"https://ghost.noissue.co/cdn-cgi/image/width=700,format=avif,quality=90/https://ghost.noissue.co/content/images/2022/09/Bakery-Bag-v2-3.jpeg"
Patisserie,Item_16_PAT,27.5,https://foodserviceonline.royalfoods.com.au/Images/ProductImages/Medium/20080.jpg
Patisserie,Item_17_PAT,29,https://bakerpedia.com/wp-content/uploads/2020/06/Pastry_baking-processes-e1593464950587.jpg
Patisserie,Item_18_PAT,30.5,https://www.colsonpastries.com/wp-content/uploads/2021/10/Fin-Mix-scaled-500x500.jpg
Patisserie,Item_19_PAT,32,https://patisserie-cle.com/cdn/shop/files/MangoPassion2.png?v=1758072423&width=2500
Patisserie,Item_1_PAT,5,https://lh4.googleusercontent.com/proxy/MiQwS1Lmoe63omJEygwdpE9Q-6hoBndp4-zj7ii3IXccUTIVDHwKU_mjPa9P-lTyQvPwurGRqOiHinBuvGcsSnsiJWeDJbPI6zW3
Patisserie,Item_20_PAT,33.5,https://www.foodandwine.com/thmb/jmWPHnhy9V7tliChX6qo88f1Ho8=/1500x0/filters:no_upscale():max_bytes(150000):strip_icc()/hazelnut-and-creme-fraiche-meringues-with-lemon-and-parmesan-FT-RECIPE0521-ae305aeca9c541efa27b25ae761217ff.jpg
Patisserie,Item_21_PAT,35,https://www.traiteurdeparis.us/wp-content/uploads/moelleux-chocolat-60g-background-mobile.jpg
Patisserie,Item_22_PAT,36.5,https://sheilaannepastry.com/wp-content/uploads/2024/09/second-featured-product.jpg
Patisserie,Item_23_PAT,38,https://www.traiteurdeparis.us/wp-content/uploads/truffon-background-mobile.jpg
Patisserie,Item_24_PAT,39.5,"https://static.wixstatic.com/media/a7b4f8_f565c39c482d4d76bc7a0dcef5bd96f2~mv2.jpg/v1/fill/w_260,h_260,al_c,q_80,usm_0.66_1.00_0.01,enc_avif,quality_auto/a7b4f8_f565c39c482d4d76bc7a0dcef5bd96f2~mv2.jpg"
Patisserie,Item_25_PAT,41,https://patisserie-cle.com/cdn/shop/files/Noisette.png?v=1726809143&width=1212
Patisserie,Item_2_PAT,6.5,https://coffretsprestige.com/media/catalog/product/cache/020f609c421571f88674a00c6841a035/6/0/6084-5864-d.png
Patisserie,Item_3_PAT,8,https://www.feast.com.tr/assets/images/product-group/patisserie-cheescake.png
Patisserie,Item_4_PAT,9.5,https://thesignaturepatisserie.com/cdn/shop/files/Almond___Raisins_Square.jpg?v=1704614658&width=533
Patisserie,Item_5_PAT,11,https://patisseriefleur.com/cdn/shop/files/1E62AFD0-76A7-44C2-8827-EE06B71CD39B.jpg?v=1775154638&width=533
Patisserie,Item_6_PAT,12.5,https://www.oberweis.lu/web/image/product.template/3115/image_512/%5B002366*%5D%20Mini%20chocolate%20roll?unique=433809b
Patisserie,Item_7_PAT,14,https://lh6.googleusercontent.com/proxy/DrvaGQUwEcLg8Z9Ac3kkNmixRvGo24qAIZouu0j63M67czqK6vsN80Z9kMunUXH7emnxuKMrcqNI7kAQv-az5CubQ2uAqpXpmHnEd07-
Patisserie,Item_8_PAT,15.5,https://img06.weeecdn.com/item/image/558/444/52D0D788A403E7AF.jpeg
Patisserie,Item_9_PAT,17,https://goldbelly.imgix.net/uploads/showcase_media_asset/image/220581/ceci-cela-patisserie_plain-almond-parisian-croissants-1.jpg?ixlib=rails-3.1.0